[(0, 0.0055555555555555575), (1, 0.0055555555555555575), (2, 0.0055555555555555575), (3, 0.0055555555555555575), (4, 0.0055555555555566339), (5, 0.0055555555555555575), (6, 0.0055555555555555575), (7, 0.0055555555555555575), (8, 0.0055555555555555575), (9, 0.0055555555555584476), (10, 0.0055555555555555575), (11, 0.0055555555555555575), (12, 0.0055555555555555575), (13, 0.0055555555555555575), (14, 0.0055555555555555575), (15, 0.0055555555555567978), (16, 0.0055555555555555575), (17, 0.0055555555555555575), (18, 0.0055555555555555575), (19, 0.0055555555555576912), (20, 0.8388888888888798), (21, 0.005555555555557529), (22, 0.0055555555555555575), (23, 0.0055555555555555575), (24, 0.0055555555555555575), (25, 0.0055555555555555575), (26, 0.0055555555555555575), (27, 0.0055555555555555575), (28, 0.0055555555555555575), (29, 0.0055555555555555575)]
[(0, 0.0022222222222222222), (1, 0.0022222222222222222), (2, 0.0022222222222227756), (3, 0.0022222222222222222), (4, 0.0022222222222226203), (5, 0.0022222222222222222), (6, 0.0022222222222222222), (7, 0.0022222222222227036), (8, 0.0022222222222222222), (9, 0.0022222222222222222), (10, 0.0022222222222231585), (11, 0.0022222222222226902), (12, 0.0022222222222222222), (13, 0.0022222222222222222), (14, 0.0022222222222222222), (15, 0.0022222222222230302), (16, 0.0022222222222225171), (17, 0.0022222222222222222), (18, 0.0022222222222222222), (19, 0.0022222222222222222), (20, 0.0022222222222222222), (21, 0.0022222222222224993), (22, 0.0022222222222222222), (23, 0.0022222222222226377), (24, 0.0022222222222228558), (25, 0.0022222222222230527), (26, 0.9355555555555487), (27, 0.0022222222222224993), (28, 0.0022222222222228528), (29, 0.0022222222222222222)]
[(0, 0.0023809523809523803), (1, 0.0023809523809523803), (2, 0.0023809523809523803), (3, 0.0023809523809523803), (4, 0.0023809523809523803), (5, 0.0023809523809523803), (6, 0.0023809523809523803), (7, 0.0023809523809523803), (8, 0.0023809523809523803), (9, 0.0023809523809523803), (10, 0.0023809523809523803), (11, 0.0023809523809523803), (12, 0.0023809523809523803), (13, 0.0023809523809523803), (14, 0.0023809523809523803), (15, 0.0023809523809523803), (16, 0.0023809523809523803), (17, 0.0023809523809523803), (18, 0.0023809523809527125), (19, 0.93095238095232136), (20, 0.0023809523809523803), (21, 0.0023809523809523803), (22, 0.0023809523810113717), (23, 0.0023809523809523803), (24, 0.0023809523809523803), (25, 0.0023809523809523803), (26, 0.0023809523809523803), (27, 0.0023809523809523803), (28, 0.0023809523809527125), (29, 0.0023809523809523803)]
[(0, 0.0027777777777777775), (1, 0.0027777777777785667), (2, 0.0027777777777782285), (3, 0.0027777777777781318), (4, 0.91944444444443096), (5, 0.0027777777777778607), (6, 0.0027777777777778885), (7, 0.0027777777777780351), (8, 0.0027777777777779093), (9, 0.0027777777777782241), (10, 0.0027777777777786036), (11, 0.0027777777777777775), (12, 0.0027777777777783035), (13, 0.002777777777778094), (14, 0.0027777777777788434), (15, 0.0027777777777803977), (16, 0.0027777777777778685), (17, 0.0027777777777784562), (18, 0.002777777777778222), (19, 0.0027777777777781999), (20, 0.0027777777777781582), (21, 0.0027777777777781469), (22, 0.0027777777777777775), (23, 0.0027777777777782345), (24, 0.0027777777777782389), (25, 0.0027777777777777775), (26, 0.0027777777777777775), (27, 0.0027777777777778629), (28, 0.002777777777777875), (29, 0.0027777777777793283)]
[(0, 0.0020833333333333337), (1, 0.0020833333333333337), (2, 0.0020833333333333337), (3, 0.0020833333333337193), (4, 0.0020833333333333337), (5, 0.93958333333332444), (6, 0.0020833333333333337), (7, 0.0020833333333345181), (8, 0.0020833333333333337), (9, 0.0020833333333336937), (10, 0.0020833333333337904), (11, 0.0020833333333333337), (12, 0.0020833333333343251), (13, 0.0020833333333333337), (14, 0.0020833333333333337), (15, 0.0020833333333333337), (16, 0.0020833333333335952), (17, 0.0020833333333333337), (18, 0.0020833333333333337), (19, 0.0020833333333333337), (20, 0.0020833333333333927), (21, 0.0020833333333340701), (22, 0.0020833333333347727), (23, 0.0020833333333333337), (24, 0.0020833333333335471), (25, 0.0020833333333337015), (26, 0.0020833333333344539), (27, 0.0020833333333340701), (28, 0.0020833333333339574), (29, 0.0020833333333333337)]
[(0, 0.0019607843137254893), (1, 0.0019607843137254893), (2, 0.0019607843137265254), (3, 0.0019607843137263042), (4, 0.0019607843137264963), (5, 0.0019607843137260175), (6, 0.0019607843137259382), (7, 0.00196078431372588), (8, 0.001960784313725792), (9, 0.0019607843137260674), (10, 0.0019607843137256727), (11, 0.0019607843137254893), (12, 0.0019607843137257551), (13, 0.0019607843137262175), (14, 0.0019607843137257261), (15, 0.0019607843137258159), (16, 0.94313725490194733), (17, 0.001960784313727048), (18, 0.0019607843137257139), (19, 0.0019607843137257027), (20, 0.0019607843137263645), (21, 0.001960784313726338), (22, 0.0019607843137254893), (23, 0.0019607843137257851), (24, 0.0019607843137261112), (25, 0.0019607843137257139), (26, 0.0019607843137254893), (27, 0.0019607843137256866), (28, 0.0019607843137263866), (29, 0.0019607843137256701)]
[(0, 0.0022222222222222227), (1, 0.0022222222222222227), (2, 0.0022222222222222227), (3, 0.0022222222222222227), (4, 0.0022222222222223471), (5, 0.0022222222222224438), (6, 0.0022222222222222227), (7, 0.00222222222222243), (8, 0.0022222222222222227), (9, 0.0022222222222223493), (10, 0.0022222222222222227), (11, 0.0022222222222222227), (12, 0.0022222222222223393), (13, 0.0022222222222225418), (14, 0.93555555555555137), (15, 0.0022222222222235766), (16, 0.0022222222222222227), (17, 0.0022222222222222227), (18, 0.0022222222222223211), (19, 0.0022222222222223163), (20, 0.0022222222222224573), (21, 0.0022222222222222227), (22, 0.0022222222222222227), (23, 0.0022222222222223523), (24, 0.0022222222222226932), (25, 0.0022222222222222227), (26, 0.0022222222222224469), (27, 0.0022222222222222227), (28, 0.0022222222222222227), (29, 0.0022222222222228485)]
[(0, 0.0037037037037037038), (1, 0.0037037037037037038), (2, 0.0037037037037046705), (3, 0.0037037037037044637), (4, 0.0037037037037046436), (5, 0.003703703703704651), (6, 0.0037037037037039419), (7, 0.0037037037037038253), (8, 0.0037037037037039857), (9, 0.0037037037037037038), (10, 0.0037037037037046111), (11, 0.0037037037037037038), (12, 0.0037037037037039519), (13, 0.0037037037037054945), (14, 0.003703703703705874), (15, 0.0037037037037040083), (16, 0.0037037037037038994), (17, 0.0037037037037051593), (18, 0.0037037037037039133), (19, 0.0037037037037039025), (20, 0.89259259259257684), (21, 0.0037037037037044962), (22, 0.0037037037037037038), (23, 0.0037037037037037038), (24, 0.0037037037037048132), (25, 0.0037037037037037038), (26, 0.003703703703704484), (27, 0.0037037037037038877), (28, 0.0037037037037039133), (29, 0.003703703703704599)]
[(0, 0.0055555555555555566), (1, 0.0055555555555555566), (2, 0.0055555555555555566), (3, 0.0055555555555555566), (4, 0.0055555555555555566), (5, 0.0055555555555555566), (6, 0.0055555555555555566), (7, 0.0055555555555569036), (8, 0.0055555555555555566), (9, 0.0055555555555555566), (10, 0.0055555555555555566), (11, 0.0055555555555555566), (12, 0.0055555555555555566), (13, 0.0055555555555555566), (14, 0.0055555555555555566), (15, 0.0055555555555555566), (16, 0.0055555555555555566), (17, 0.0055555555755003039), (18, 0.0055555555555555566), (19, 0.0055555555555555566), (20, 0.0055555555555555566), (21, 0.0055555555555555566), (22, 0.0055555555555555566), (23, 0.0055555555555555566), (24, 0.0055555555555555566), (25, 0.0055555555555555566), (26, 0.0055555555555555566), (27, 0.83888888886894286), (28, 0.0055555555555555566), (29, 0.0055555555555555566)]
[(0, 0.0066666666666666714), (1, 0.0066666666666666714), (2, 0.0066666666666666714), (3, 0.0066666666666666714), (4, 0.0066666666666666714), (5, 0.0066666666666666714), (6, 0.0066666666666666714), (7, 0.80666666666596898), (8, 0.0066666666666666714), (9, 0.0066666666666666714), (10, 0.0066666666666666714), (11, 0.0066666666666666714), (12, 0.0066666666666666714), (13, 0.0066666666672328513), (14, 0.0066666666666666714), (15, 0.0066666666666666714), (16, 0.0066666666666666714), (17, 0.0066666666666666714), (18, 0.0066666666666666714), (19, 0.0066666666666666714), (20, 0.0066666666666666714), (21, 0.0066666666666666714), (22, 0.0066666666666666714), (23, 0.0066666666666666714), (24, 0.0066666666666666714), (25, 0.0066666666666666714), (26, 0.0066666666666713482), (27, 0.0066666666667939524), (28, 0.0066666666666666714), (29, 0.0066666666666666714)]
[(0, 0.0027777777777777788), (1, 0.0027777777777777788), (2, 0.0027777777777787858), (3, 0.0027777777777785707), (4, 0.0027777777777790334), (5, 0.0027777777777779648), (6, 0.0027777777777786886), (7, 0.0027777777777779054), (8, 0.0027777777777780724), (9, 0.0027777777777777788), (10, 0.0027777777777779566), (11, 0.0027777777777777788), (12, 0.0027777777777780372), (13, 0.0027777777777784865), (14, 0.0027777777777780086), (15, 0.0027777777777784137), (16, 0.0027777777777779826), (17, 0.002777777777779294), (18, 0.0027777777777779965), (19, 0.0027777777777779861), (20, 0.0027777777777786292), (21, 0.0027777777777786036), (22, 0.0027777777777777788), (23, 0.0027777777777813714), (24, 0.9194444444444283), (25, 0.0027777777777785351), (26, 0.0027777777777777788), (27, 0.00277777777777797), (28, 0.0027777777777785707), (29, 0.0027777777777784171)]
[(0, 0.0055555555555555584), (1, 0.0055555555555555584), (2, 0.0055555555555555584), (3, 0.0055555555555555584), (4, 0.0055555555555555584), (5, 0.0055555555555566946), (6, 0.0055555555555570728), (7, 0.83888888888883972), (8, 0.0055555555555555584), (9, 0.0055555555555555584), (10, 0.0055555555555584233), (11, 0.0055555555555575377), (12, 0.0055555555555555584), (13, 0.0055555555555555584), (14, 0.0055555555555555584), (15, 0.0055555555555574969), (16, 0.0055555555555588387), (17, 0.0055555555555555584), (18, 0.0055555555555555584), (19, 0.0055555555555555584), (20, 0.0055555555555555584), (21, 0.0055555555555821014), (22, 0.0055555555555555584), (23, 0.005555555555557313), (24, 0.005555555555558235), (25, 0.0055555555555590851), (26, 0.005555555555556712), (27, 0.0055555555555567293), (28, 0.0055555555555555584), (29, 0.0055555555555555584)]
[(0, 0.0020833333333333324), (1, 0.0020833333333333324), (2, 0.0020833333333333324), (3, 0.0020833333333333324), (4, 0.0020833333333333324), (5, 0.0020833333333333324), (6, 0.0020833333333333324), (7, 0.0020833333333335137), (8, 0.0020833333333333324), (9, 0.0020833333333333324), (10, 0.0020833333333335874), (11, 0.0020833333333335085), (12, 0.0020833333333333324), (13, 0.0020833333333333324), (14, 0.0020833333333333324), (15, 0.0020833333333336776), (16, 0.0020833333333333324), (17, 0.0020833333333333324), (18, 0.0020833333333336447), (19, 0.0020833333333333324), (20, 0.0020833333333333324), (21, 0.0020833333333333324), (22, 0.0020833333333333324), (23, 0.0020833333333334886), (24, 0.93958333333333133), (25, 0.0020833333333334886), (26, 0.0020833333333334352), (27, 0.0020833333333334365), (28, 0.0020833333333333324), (29, 0.002083333333333584)]
[(0, 0.0019607843137254867), (1, 0.0019607843137254867), (2, 0.0019607843137254867), (3, 0.0019607843137254867), (4, 0.0019607843137256602), (5, 0.001960784313725867), (6, 0.0019607843137254867), (7, 0.94313725490195788), (8, 0.0019607843137254867), (9, 0.0019607843137254867), (10, 0.0019607843137257825), (11, 0.0019607843137254867), (12, 0.001960784313725586), (13, 0.0019607843137254867), (14, 0.0019607843137254867), (15, 0.0019607843137254867), (16, 0.0019607843137254867), (17, 0.0019607843137254867), (18, 0.0019607843137258484), (19, 0.0019607843137254867), (20, 0.0019607843137254867), (21, 0.0019607843137254867), (22, 0.0019607843137255951), (23, 0.0019607843137254867), (24, 0.0019607843137254867), (25, 0.0019607843137254867), (26, 0.0019607843137255596), (27, 0.0019607843137254867), (28, 0.0019607843137255708), (29, 0.0019607843137254867)]
[(0, 0.0047619047619047623), (1, 0.0047619047619047623), (2, 0.0047619047619066671), (3, 0.0047619047619047623), (4, 0.0047619047619061336), (5, 0.0047619047619056887), (6, 0.0047619047619059966), (7, 0.0047619047619080791), (8, 0.0047619047619047623), (9, 0.0047619047619047623), (10, 0.0047619047619070973), (11, 0.0047619047619063739), (12, 0.0047619047619047623), (13, 0.0047619047619047623), (14, 0.0047619047619047623), (15, 0.004761904761906942), (16, 0.0047619047619194988), (17, 0.0047619047619047623), (18, 0.0047619047619047623), (19, 0.0047619047619047623), (20, 0.0047619047619047623), (21, 0.0047619047619047623), (22, 0.0047619047619047623), (23, 0.0047619047619061917), (24, 0.0047619047619069429), (25, 0.86190476190472465), (26, 0.0047619047619066419), (27, 0.0047619047619057164), (28, 0.0047619047619058483), (29, 0.0047619047619047623)]
[(0, 0.0041666666666666675), (1, 0.0041666666666666675), (2, 0.0041666666666666675), (3, 0.0041666666666666675), (4, 0.0041666666666666675), (5, 0.0041666666666685974), (6, 0.0041666666666666675), (7, 0.87916666666666154), (8, 0.0041666666666666675), (9, 0.0041666666666666675), (10, 0.0041666666666666675), (11, 0.0041666666666666675), (12, 0.0041666666666671688), (13, 0.0041666666666666675), (14, 0.0041666666666666675), (15, 0.0041666666666666675), (16, 0.0041666666666666675), (17, 0.0041666666666666675), (18, 0.0041666666666666675), (19, 0.0041666666666666675), (20, 0.0041666666666666675), (21, 0.0041666666666682721), (22, 0.0041666666666672139), (23, 0.0041666666666666675), (24, 0.0041666666666666675), (25, 0.0041666666666666675), (26, 0.0041666666666670344), (27, 0.0041666666666666675), (28, 0.0041666666666670916), (29, 0.0041666666666666675)]
[(0, 0.0027777777777782155), (1, 0.0027777777777777775), (2, 0.0027777777777784006), (3, 0.0027777777777782675), (4, 0.0027777777777785537), (5, 0.002777777777778196), (6, 0.0027777777777783347), (7, 0.0027777777777782684), (8, 0.0027777777777783239), (9, 0.0027777777777777775), (10, 0.0027777777777781782), (11, 0.0027777777777783052), (12, 0.0027777777777779375), (13, 0.91944444444443363), (14, 0.0027777777777782944), (15, 0.0027777777777779739), (16, 0.0027777777777779032), (17, 0.0027777777777787159), (18, 0.0027777777777779128), (19, 0.0027777777777779058), (20, 0.0027777777777786262), (21, 0.0027777777777782883), (22, 0.0027777777777777775), (23, 0.0027777777777777775), (24, 0.0027777777777783204), (25, 0.0027777777777777775), (26, 0.0027777777777783924), (27, 0.0027777777777778958), (28, 0.0027777777777779128), (29, 0.0027777777777781721)]
[(0, 0.0017543859649122801), (1, 0.0017543859649122801), (2, 0.0017543859649159269), (3, 0.0017543859649127311), (4, 0.94912280701753515), (5, 0.001754385964912639), (6, 0.0017543859649123644), (7, 0.0017543859649123993), (8, 0.0017543859649125576), (9, 0.0017543859649122801), (10, 0.0017543859649125557), (11, 0.0017543859649122801), (12, 0.0017543859649123677), (13, 0.0017543859649125208), (14, 0.0017543859649123581), (15, 0.0017543859649124607), (16, 0.0017543859649124724), (17, 0.0017543859649127953), (18, 0.0017543859649124861), (19, 0.0017543859649123506), (20, 0.0017543859649125693), (21, 0.0017543859649125605), (22, 0.0017543859649122801), (23, 0.0017543859649122801), (24, 0.0017543859649124291), (25, 0.0017543859649124536), (26, 0.0017543859649125082), (27, 0.0017543859649123451), (28, 0.0017543859649124861), (29, 0.0017543859649123399)]
[(0, 0.90333333333332755), (1, 0.0033333333333333348), (2, 0.0033333333333333348), (3, 0.0033333333333333348), (4, 0.0033333333333333348), (5, 0.0033333333333333348), (6, 0.0033333333333333348), (7, 0.0033333333333333348), (8, 0.0033333333333333348), (9, 0.0033333333333333348), (10, 0.0033333333333339854), (11, 0.0033333333333333348), (12, 0.0033333333333333348), (13, 0.0033333333333333348), (14, 0.0033333333333333348), (15, 0.0033333333333337221), (16, 0.0033333333333333348), (17, 0.0033333333333333348), (18, 0.0033333333333333348), (19, 0.0033333333333382823), (20, 0.0033333333333333348), (21, 0.0033333333333333348), (22, 0.0033333333333333348), (23, 0.0033333333333333348), (24, 0.0033333333333333348), (25, 0.0033333333333333348), (26, 0.0033333333333333348), (27, 0.0033333333333333348), (28, 0.0033333333333333348), (29, 0.0033333333333333348)]
[(0, 0.002380952380952382), (1, 0.93095238095237898), (2, 0.002380952380952382), (3, 0.002380952380952382), (4, 0.002380952380952382), (5, 0.002380952380952382), (6, 0.0023809523809526978), (7, 0.0023809523809525429), (8, 0.002380952380952382), (9, 0.002380952380952382), (10, 0.002380952380952382), (11, 0.002380952380952382), (12, 0.002380952380952382), (13, 0.002380952380952382), (14, 0.002380952380952382), (15, 0.002380952380952382), (16, 0.0023809523809526414), (17, 0.0023809523809534667), (18, 0.002380952380952382), (19, 0.002380952380952382), (20, 0.002380952380952382), (21, 0.002380952380952382), (22, 0.002380952380952382), (23, 0.002380952380952382), (24, 0.002380952380952382), (25, 0.002380952380952382), (26, 0.002380952380952382), (27, 0.0023809523809526262), (28, 0.002380952380952382), (29, 0.002380952380952382)]
[(0, 0.0022222222222222227), (1, 0.0022222222222222227), (2, 0.0022222222222222227), (3, 0.0022222222222222227), (4, 0.0022222222222223831), (5, 0.0022222222222222227), (6, 0.0022222222222222227), (7, 0.0022222222222224161), (8, 0.0022222222222222227), (9, 0.0022222222222222227), (10, 0.93555555555555259), (11, 0.0022222222222224113), (12, 0.0022222222222222227), (13, 0.0022222222222226347), (14, 0.0022222222222222227), (15, 0.002222222222222407), (16, 0.0022222222222222227), (17, 0.0022222222222222227), (18, 0.0022222222222222227), (19, 0.0022222222222222227), (20, 0.0022222222222222227), (21, 0.0022222222222222227), (22, 0.0022222222222226529), (23, 0.0022222222222223896), (24, 0.0022222222222224772), (25, 0.0022222222222223896), (26, 0.0022222222222226216), (27, 0.0022222222222223341), (28, 0.0022222222222225566), (29, 0.0022222222222222227)]
[(0, 0.0023809523809523807), (1, 0.0023809523809523807), (2, 0.002380952380954393), (3, 0.0023809523809543991), (4, 0.0023809523809541974), (5, 0.0023809523809526505), (6, 0.0023809523809527398), (7, 0.0023809523809529311), (8, 0.0023809523809528066), (9, 0.0023809523809523807), (10, 0.0023809523809531553), (11, 0.0023809523809533192), (12, 0.0023809523809527546), (13, 0.002380952380953406), (14, 0.0023809523809527138), (15, 0.0023809523809530148), (16, 0.0023809523809526765), (17, 0.0023809523809545752), (18, 0.93095238095236177), (19, 0.0023809523809526813), (20, 0.0023809523809538991), (21, 0.0023809523809535755), (22, 0.0023809523809523807), (23, 0.0023809523809523807), (24, 0.0023809523809534979), (25, 0.0023809523809523807), (26, 0.0023809523809523807), (27, 0.0023809523809526583), (28, 0.0023809523809526965), (29, 0.0023809523809528899)]
[(0, 0.0020833333333333333), (1, 0.002083333333334715), (2, 0.0020833333333335306), (3, 0.0020833333333333333), (4, 0.0020833333333334751), (5, 0.0020833333333335857), (6, 0.0020833333333333333), (7, 0.0020833333333333984), (8, 0.0020833333333334847), (9, 0.0020833333333336226), (10, 0.0020833333333334252), (11, 0.0020833333333333333), (12, 0.0020833333333334664), (13, 0.002083333333333698), (14, 0.0020833333333339569), (15, 0.0020833333333340324), (16, 0.0020833333333334383), (17, 0.0020833333333333333), (18, 0.0020833333333334456), (19, 0.00208333333333344), (20, 0.0020833333333336013), (21, 0.0020833333333335931), (22, 0.0020833333333338589), (23, 0.0020833333333338711), (24, 0.0020833333333338706), (25, 0.0020833333333333333), (26, 0.0020833333333338455), (27, 0.0020833333333335931), (28, 0.0020833333333336291), (29, 0.93958333333332544)]
[(0, 0.0030303030303030299), (1, 0.0030303030303030299), (2, 0.0030303030303043734), (3, 0.91212121212120212), (4, 0.0030303030303041665), (5, 0.0030303030303031539), (6, 0.0030303030303036305), (7, 0.0030303030303033365), (8, 0.0030303030303032259), (9, 0.0030303030303030299), (10, 0.0030303030303031483), (11, 0.0030303030303030299), (12, 0.0030303030303036548), (13, 0.0030303030303035021), (14, 0.003030303030303183), (15, 0.0030303030303032419), (16, 0.003030303030303166), (17, 0.0030303030303040408), (18, 0.0030303030303039488), (19, 0.0030303030303035325), (20, 0.0030303030303039445), (21, 0.0030303030303035806), (22, 0.0030303030303030299), (23, 0.0030303030303030299), (24, 0.0030303030303033226), (25, 0.0030303030303030299), (26, 0.0030303030303030299), (27, 0.0030303030303031578), (28, 0.0030303030303031756), (29, 0.003030303030303147)]
[(0, 0.0018518518518518515), (1, 0.0018518518518518515), (2, 0.0018518518518521052), (3, 0.0018518518518518515), (4, 0.001851851851851969), (5, 0.0018518518518520983), (6, 0.0018518518518518515), (7, 0.0018518518518519354), (8, 0.0018518518518520462), (9, 0.0018518518518523537), (10, 0.0018518518518522882), (11, 0.0018518518518518515), (12, 0.0018518518518521418), (13, 0.0018518518518518515), (14, 0.0018518518518518515), (15, 0.0018518518518521418), (16, 0.0018518518518522162), (17, 0.0018518518518518515), (18, 0.0018518518518518515), (19, 0.0018518518518519475), (20, 0.0018518518518518515), (21, 0.0018518518518523214), (22, 0.94629629629629086), (23, 0.0018518518518518515), (24, 0.0018518518518518515), (25, 0.0018518518518520419), (26, 0.0018518518518521891), (27, 0.0018518518518519788), (28, 0.0018518518518527438), (29, 0.0018518518518522748)]
[(0, 0.0022222222222222218), (1, 0.0022222222222222218), (2, 0.0022222222222230878), (3, 0.0022222222222229027), (4, 0.0022222222222232075), (5, 0.0022222222222223818), (6, 0.0022222222222224352), (7, 0.0022222222222226654), (8, 0.0022222222222225861), (9, 0.0022222222222223285), (10, 0.0022222222222223749), (11, 0.0022222222222222218), (12, 0.0022222222222225414), (13, 0.0022222222222228307), (14, 0.0022222222222255394), (15, 0.93555555555554037), (16, 0.0022222222222223974), (17, 0.0022222222222247033), (18, 0.002222222222222492), (19, 0.0022222222222224785), (20, 0.0022222222222229538), (21, 0.0022222222222229317), (22, 0.0022222222222222218), (23, 0.0022222222222223306), (24, 0.0022222222222230388), (25, 0.0022222222222222218), (26, 0.0022222222222222218), (27, 0.0022222222222223866), (28, 0.0022222222222224096), (29, 0.0022222222222233437)]
[(0, 0.0027777777777777779), (1, 0.0027777777777777779), (2, 0.0027777777777787845), (3, 0.0027777777777785694), (4, 0.0027777777777794818), (5, 0.0027777777777789436), (6, 0.0027777777777780259), (7, 0.0027777777777785711), (8, 0.0027777777777780715), (9, 0.0027777777777799983), (10, 0.0027777777777779557), (11, 0.0027777777777777779), (12, 0.0027777777777787151), (13, 0.0027777777777791939), (14, 0.0027777777777808128), (15, 0.0027777777777806298), (16, 0.002777777777778519), (17, 0.0027777777777792932), (18, 0.0027777777777785698), (19, 0.0027777777777785312), (20, 0.0027777777777791487), (21, 0.0027777777777786027), (22, 0.0027777777777777779), (23, 0.0027777777777785342), (24, 0.91944444444441675), (25, 0.0027777777777777779), (26, 0.0027777777777782749), (27, 0.0027777777777784739), (28, 0.0027777777777785698), (29, 0.0027777777777800963)]
[(0, 0.0022222222222222222), (1, 0.0022222222222226026), (2, 0.0022222222222228086), (3, 0.0022222222222222222), (4, 0.0022222222222225431), (5, 0.0022222222222230779), (6, 0.0022222222222222222), (7, 0.0022222222222228047), (8, 0.0022222222222231234), (9, 0.0022222222222230835), (10, 0.93555555554562286), (11, 0.0022222222222227192), (12, 0.0022222222222230133), (13, 0.0022222222222222222), (14, 0.0022222222222225748), (15, 0.0022222222222227088), (16, 0.0022222222222228476), (17, 0.0022222222222238173), (18, 0.0022222222222222222), (19, 0.0022222222222222222), (20, 0.0022222222222228281), (21, 0.0022222222222231039), (22, 0.0022222222321404222), (23, 0.0022222222222222222), (24, 0.0022222222222222222), (25, 0.0022222222222222222), (26, 0.0022222222222232735), (27, 0.0022222222222225158), (28, 0.0022222222222242228), (29, 0.0022222222222229313)]
[(0, 0.0018518518518521371), (1, 0.0018518518518518519), (2, 0.0018518518518529192), (3, 0.0018518518518526911), (4, 0.0018518518518550265), (5, 0.0018518518518520492), (6, 0.0018518518518521147), (7, 0.0018518518518519859), (8, 0.0018518518518521633), (9, 0.0018518518518518519), (10, 0.0018518518518520408), (11, 0.0018518518518521954), (12, 0.0018518518518521256), (13, 0.001851851851852602), (14, 0.0018518518518520954), (15, 0.001851851851852316), (16, 0.0018518518518520681), (17, 0.0018518518518534583), (18, 0.001851851851852314), (19, 0.0018518518518520716), (20, 0.0018518518518527535), (21, 0.0018518518518527262), (22, 0.0018518518518518519), (23, 0.0018518518518521564), (24, 0.0018518518518524929), (25, 0.0018518518518518519), (26, 0.0018518518518518519), (27, 0.0018518518518522581), (28, 0.0018518518518520831), (29, 0.94629629629628198)]
[(0, 0.0033333333333333344), (1, 0.0033333333333333344), (2, 0.0033333333333333344), (3, 0.0033333333333333344), (4, 0.0033333333333333344), (5, 0.003333333333334217), (6, 0.0033333333333333344), (7, 0.0033333333333352079), (8, 0.0033333333333333344), (9, 0.0033333333333333344), (10, 0.0033333333333335677), (11, 0.0033333333333333344), (12, 0.0033333333333345587), (13, 0.0033333333333333344), (14, 0.0033333333333333344), (15, 0.0033333333333337486), (16, 0.0033333333333333344), (17, 0.0033333333333333344), (18, 0.0033333333333333344), (19, 0.0033333333333333344), (20, 0.0033333333333333344), (21, 0.0033333333333342443), (22, 0.0033333333333376083), (23, 0.0033333333333333344), (24, 0.0033333333333333344), (25, 0.0033333333333333344), (26, 0.90333333333332133), (27, 0.0033333333333342443), (28, 0.0033333333333340838), (29, 0.003333333333333939)]
[(0, 0.0022222222222228311), (1, 0.0022222222222222222), (2, 0.002222222222222551), (3, 0.0022222222222222222), (4, 0.0022222222222223662), (5, 0.0022222222222222222), (6, 0.0022222222222222222), (7, 0.0022222222222222704), (8, 0.0022222222222225861), (9, 0.0022222222222232986), (10, 0.0022222222222227791), (11, 0.0022222222222222222), (12, 0.0022222222222223198), (13, 0.0022222222222222222), (14, 0.0022222222222224512), (15, 0.9355555555555477), (16, 0.0022222222222223974), (17, 0.0022222222222222222), (18, 0.0022222222222223046), (19, 0.0022222222222227704), (20, 0.0022222222222222222), (21, 0.0022222222222222222), (22, 0.0022222222222224638), (23, 0.0022222222222239322), (24, 0.002222222222222662), (25, 0.0022222222222222222), (26, 0.0022222222222222222), (27, 0.0022222222222222222), (28, 0.0022222222222227157), (29, 0.0022222222222227947)]
[(0, 0.002777777777777777), (1, 0.002777777777777777), (2, 0.002777777777778228), (3, 0.0027777777777781313), (4, 0.91944444444443474), (5, 0.0027777777777778603), (6, 0.002777777777777888), (7, 0.0027777777777778334), (8, 0.0027777777777779089), (9, 0.002777777777777777), (10, 0.0027777777777778568), (11, 0.002777777777777777), (12, 0.0027777777777778924), (13, 0.0027777777777780936), (14, 0.0027777777777778798), (15, 0.0027777777777779193), (16, 0.0027777777777778681), (17, 0.002777777777780638), (18, 0.0027777777777778746), (19, 0.0027777777777778698), (20, 0.0027777777777781578), (21, 0.0027777777777781465), (22, 0.002777777777777777), (23, 0.00277777777777898), (24, 0.0027777777777786708), (25, 0.00277777777777898), (26, 0.002777777777777777), (27, 0.0027777777777778625), (28, 0.0027777777777778746), (29, 0.0027777777777778555)]
[(0, 0.0020833333333333342), (1, 0.0020833333333333342), (2, 0.0020833333333333342), (3, 0.0020833333333333342), (4, 0.0020833333333333342), (5, 0.0020833333333333342), (6, 0.0020833333333336889), (7, 0.0020833333333335155), (8, 0.0020833333333333342), (9, 0.0020833333333333342), (10, 0.0020833333333335892), (11, 0.0020833333333339743), (12, 0.0020833333333333342), (13, 0.0020833333333333342), (14, 0.0020833333333333342), (15, 0.0020833333333335068), (16, 0.0020833333333333342), (17, 0.0020833333333340792), (18, 0.0020833333333336464), (19, 0.0020833333333333342), (20, 0.0020833333333333342), (21, 0.0020833333333333342), (22, 0.0020833333333333342), (23, 0.0020833333333334903), (24, 0.93958333333333), (25, 0.0020833333333334903), (26, 0.002083333333333437), (27, 0.0020833333333334383), (28, 0.0020833333333333342), (29, 0.0020833333333335857)]
[(0, 0.0018518518518518519), (1, 0.0018518518518518519), (2, 0.0018518518518523021), (3, 0.0018518518518520026), (4, 0.9462962962961794), (5, 0.0018518518518518873), (6, 0.0018518518518518988), (7, 0.0018518518518518758), (8, 0.0018518518518519077), (9, 0.0018518518518518519), (10, 0.0018518518518525241), (11, 0.0018518518518518519), (12, 0.0018518518518519007), (13, 0.0018518518518519864), (14, 0.0018518518518518957), (15, 0.0018518518518522084), (16, 0.0018518518518520289), (17, 0.0018518518519638999), (18, 0.0018518518518518936), (19, 0.0018518518518518912), (20, 0.0018518518518520137), (21, 0.0018518518518520087), (22, 0.0018518518518523517), (23, 0.0018518518518523634), (24, 0.0018518518518519352), (25, 0.0018518518518520462), (26, 0.0018518518518519794), (27, 0.0018518518518522297), (28, 0.0018518518518520408), (29, 0.001851851851852198)]
[(0, 0.003333333333333334), (1, 0.003333333333333334), (2, 0.90333333333331378), (3, 0.0033333333333348653), (4, 0.0033333333333357084), (5, 0.0033333333333335738), (6, 0.0033333333333336536), (7, 0.0033333333333337122), (8, 0.0033333333333342118), (9, 0.0033333333333338106), (10, 0.0033333333333338661), (11, 0.003333333333333334), (12, 0.0033333333333341046), (13, 0.0033333333333342464), (14, 0.0033333333333336302), (15, 0.0033333333333344863), (16, 0.0033333333333342894), (17, 0.0033333333333352877), (18, 0.0033333333333339854), (19, 0.0033333333333336011), (20, 0.0033333333333344308), (21, 0.0033333333333343978), (22, 0.0033333333333338106), (23, 0.003333333333333334), (24, 0.0033333333333338995), (25, 0.003333333333333821), (26, 0.0033333333333336545), (27, 0.0033333333333335807), (28, 0.0033333333333339854), (29, 0.0033333333333343458)]
[(0, 0.0027777777777777788), (1, 0.0027777777777777788), (2, 0.0027777777777798509), (3, 0.0027777777777789601), (4, 0.0027777777777798058), (5, 0.0027777777777783339), (6, 0.0027777777777781487), (7, 0.0027777777777781561), (8, 0.9194444444444223), (9, 0.0027777777777781973), (10, 0.0027777777777785759), (11, 0.0027777777777782619), (12, 0.0027777777777781639), (13, 0.0027777777777788343), (14, 0.0027777777777781214), (15, 0.0027777777777798019), (16, 0.0027777777777783876), (17, 0.002777777777780815), (18, 0.002777777777778104), (19, 0.0027777777777783972), (20, 0.0027777777777793422), (21, 0.0027777777777790091), (22, 0.0027777777777781973), (23, 0.0027777777777777788), (24, 0.0027777777777784327), (25, 0.0027777777777777788), (26, 0.0027777777777780602), (27, 0.0027777777777780641), (28, 0.002777777777778104), (29, 0.0027777777777787302)]
[(0, 0.0023809523809523807), (1, 0.0023809523809523807), (2, 0.0023809523809523807), (3, 0.0023809523809523807), (4, 0.93095238095237565), (5, 0.0023809523809523807), (6, 0.0023809523809531288), (7, 0.0023809523809527632), (8, 0.0023809523809523807), (9, 0.0023809523809523807), (10, 0.0023809523809523807), (11, 0.0023809523809533587), (12, 0.0023809523809523807), (13, 0.0023809523809531926), (14, 0.0023809523809523807), (15, 0.0023809523809523807), (16, 0.0023809523809529966), (17, 0.0023809523809523807), (18, 0.0023809523809523807), (19, 0.0023809523809523807), (20, 0.0023809523809523807), (21, 0.0023809523809523807), (22, 0.0023809523809523807), (23, 0.0023809523809523807), (24, 0.0023809523809523807), (25, 0.0023809523809523807), (26, 0.0023809523809523807), (27, 0.0023809523809523807), (28, 0.0023809523809544169), (29, 0.0023809523809523807)]
[(0, 0.0022222222222222231), (1, 0.0022222222222222231), (2, 0.0022222222222224044), (3, 0.0022222222222223653), (4, 0.0022222222222225093), (5, 0.0022222222222223545), (6, 0.0022222222222223979), (7, 0.0022222222222223124), (8, 0.0022222222222224304), (9, 0.0022222222222222231), (10, 0.0022222222222224421), (11, 0.0022222222222223931), (12, 0.0022222222222222695), (13, 0.0022222222222223506), (14, 0.0022222222222222647), (15, 0.0022222222222223432), (16, 0.0022222222222222595), (17, 0.93555555555555303), (18, 0.0022222222222222621), (19, 0.0022222222222222604), (20, 0.0022222222222224803), (21, 0.0022222222222223714), (22, 0.0022222222222222231), (23, 0.0022222222222222231), (24, 0.0022222222222223896), (25, 0.0022222222222222231), (26, 0.0022222222222222231), (27, 0.002222222222222358), (28, 0.0022222222222222621), (29, 0.0022222222222222543)]
[(0, 0.0030303030303030294), (1, 0.0030303030303030294), (2, 0.0030303030303050894), (3, 0.0030303030303059342), (4, 0.0030303030303055968), (5, 0.0030303030303034102), (6, 0.0030303030303040447), (7, 0.0030303030303035477), (8, 0.0030303030303042359), (9, 0.0030303030303036045), (10, 0.0030303030303033937), (11, 0.0030303030303030294), (12, 0.91212121212118191), (13, 0.0030303030303044775), (14, 0.0030303030303047394), (15, 0.0030303030303051562), (16, 0.0030303030303034471), (17, 0.0030303030303061303), (18, 0.0030303030303039219), (19, 0.0030303030303038781), (20, 0.0030303030303047702), (21, 0.0030303030303047173), (22, 0.0030303030303030294), (23, 0.0030303030303036171), (24, 0.0030303030303042676), (25, 0.0030303030303030294), (26, 0.0030303030303030294), (27, 0.0030303030303034215), (28, 0.0030303030303039224), (29, 0.0030303030303043361)]
[(0, 0.0025641025641025637), (1, 0.0025641025641025637), (2, 0.0025641025641030893), (3, 0.0025641025641029774), (4, 0.002564102564103075), (5, 0.0025641025641026608), (6, 0.0025641025641026933), (7, 0.00256410256410263), (8, 0.0025641025641027168), (9, 0.0025641025641025637), (10, 0.0025641025641026565), (11, 0.0025641025641025637), (12, 0.0025641025641026985), (13, 0.92564102564102013), (14, 0.0025641025641026838), (15, 0.0025641025641027293), (16, 0.0025641025641026704), (17, 0.0025641025641033547), (18, 0.0025641025641026773), (19, 0.0025641025641026721), (20, 0.0025641025641030078), (21, 0.0025641025641029943), (22, 0.0025641025641025637), (23, 0.0025641025641025637), (24, 0.0025641025641027927), (25, 0.0025641025641025637), (26, 0.0025641025641025637), (27, 0.002564102564103209), (28, 0.0025641025641026773), (29, 0.0025641025641026556)]
[(0, 0.0047619047619047615), (1, 0.0047619047619047615), (2, 0.0047619047619047615), (3, 0.0047619047619047615), (4, 0.004761904761905556), (5, 0.0047619047619047615), (6, 0.0047619047619047615), (7, 0.0047619047619065257), (8, 0.0047619047619047615), (9, 0.0047619047619047615), (10, 0.0047619047619139694), (11, 0.0047619047619073887), (12, 0.0047619047619047615), (13, 0.0047619047619047615), (14, 0.0047619047619047615), (15, 0.0047619047619065621), (16, 0.0047619047619047615), (17, 0.0047619047619047615), (18, 0.0047619047619047615), (19, 0.0047619047619047615), (20, 0.0047619047619047615), (21, 0.0047619047619047615), (22, 0.0047619047619047615), (23, 0.86190476190463761), (24, 0.0047619047619095996), (25, 0.0047619047619069281), (26, 0.0047619047619057043), (27, 0.004761904761905719), (28, 0.0047619047619047615), (29, 0.0047619047620039226)]
[(0, 0.0027777777777783928), (1, 0.0027777777777777779), (2, 0.0027777777777777779), (3, 0.0027777777777777779), (4, 0.0027777777777777779), (5, 0.0027777777777782033), (6, 0.0027777777777777779), (7, 0.0027777777777777779), (8, 0.0027777777777777779), (9, 0.0027777777777777779), (10, 0.0027777777777781855), (11, 0.0027777777777777779), (12, 0.0027777777777783677), (13, 0.0027777777777777779), (14, 0.0027777777777777779), (15, 0.0027777777777780537), (16, 0.0027777777777777779), (17, 0.0027777777777777779), (18, 0.0027777777777777779), (19, 0.0027777777777777779), (20, 0.0027777777777777779), (21, 0.0027777777777786544), (22, 0.0027777777777790624), (23, 0.0027777777777777779), (24, 0.0027777777777777779), (25, 0.0027777777777777779), (26, 0.0027777777777793469), (27, 0.91944444444443763), (28, 0.0027777777777777779), (29, 0.0027777777777785815)]
[(0, 0.006666666666666668), (1, 0.0066666666666679291), (2, 0.0066666666666689786), (3, 0.0066666666666683593), (4, 0.0066666666666688303), (5, 0.0066666666666670522), (6, 0.0066666666666671797), (7, 0.0066666666666674408), (8, 0.0066666666666672742), (9, 0.006666666666666668), (10, 0.0066666666666670357), (11, 0.006666666666666668), (12, 0.0066666666666672005), (13, 0.0066666666666681433), (14, 0.0066666666666671424), (15, 0.0066666666666673228), (16, 0.006666666666668407), (17, 0.80666666666664533), (18, 0.0066666666666671173), (19, 0.0066666666666670956), (20, 0.0066666666666684382), (21, 0.0066666666666684469), (22, 0.006666666666666668), (23, 0.006666666666666668), (24, 0.0066666666666675726), (25, 0.006666666666666668), (26, 0.006666666666666668), (27, 0.0066666666666670635), (28, 0.0066666666666671173), (29, 0.0066666666666670297)]
[(0, 0.0018518518518518515), (1, 0.0018518518518518515), (2, 0.0018518518518526672), (3, 0.0018518518518524929), (4, 0.0018518518518527293), (5, 0.0018518518518520022), (6, 0.0018518518518520523), (7, 0.0018518518518519929), (8, 0.0018518518518520898), (9, 0.0018518518518519378), (10, 0.0018518518518521401), (11, 0.0018518518518518515), (12, 0.0018518518518521399), (13, 0.0018518518518524246), (14, 0.94629629629626855), (15, 0.0018518518518523307), (16, 0.0018518518518520169), (17, 0.0018518518518530788), (18, 0.0018518518518522719), (19, 0.0018518518518522511), (20, 0.0018518518518704315), (21, 0.0018518518518525196), (22, 0.0018518518518518515), (23, 0.0018518518518519397), (24, 0.0018518518518522578), (25, 0.0018518518518518515), (26, 0.0018518518518518515), (27, 0.0018518518518520067), (28, 0.001851851851852028), (29, 0.001851851851852136)]
[(0, 0.0023809523809523803), (1, 0.0023809523809523803), (2, 0.0023809523809523803), (3, 0.0023809523809523803), (4, 0.0023809523809527997), (5, 0.0023809523809523803), (6, 0.002380952380952758), (7, 0.0023809523809527658), (8, 0.0023809523809528279), (9, 0.0023809523809528079), (10, 0.0023809523809523803), (11, 0.0023809523809523803), (12, 0.0023809523809527732), (13, 0.0023809523809523803), (14, 0.002380952380954638), (15, 0.0023809523809534797), (16, 0.0023809523809523803), (17, 0.0023809523809523803), (18, 0.0023809523809527125), (19, 0.93095238095237309), (20, 0.0023809523809526813), (21, 0.0023809523809523803), (22, 0.0023809523809523803), (23, 0.0023809523809528179), (24, 0.002380952380952634), (25, 0.0023809523809523803), (26, 0.0023809523809523803), (27, 0.0023809523809523803), (28, 0.0023809523809523803), (29, 0.0023809523809530846)]
[(0, 0.0030303030303030312), (1, 0.0030303030303030312), (2, 0.0030303030303030312), (3, 0.0030303030303030312), (4, 0.0030303030303030312), (5, 0.91212121212120301), (6, 0.0030303030303030312), (7, 0.0030303030303037502), (8, 0.003030303030303866), (9, 0.0030303030303030312), (10, 0.0030303030303035373), (11, 0.003030303030303951), (12, 0.0030303030303030312), (13, 0.0030303030303037953), (14, 0.0030303030303036843), (15, 0.0030303030303030312), (16, 0.0030303030303030312), (17, 0.0030303030303045079), (18, 0.0030303030303030312), (19, 0.0030303030303030312), (20, 0.0030303030303042841), (21, 0.0030303030303035754), (22, 0.0030303030303030312), (23, 0.0030303030303030312), (24, 0.0030303030303035039), (25, 0.0030303030303030312), (26, 0.0030303030303035676), (27, 0.0030303030303030312), (28, 0.0030303030303031751), (29, 0.0030303030303035303)]
[(0, 0.0020833333333333329), (1, 0.0020833333333333329), (2, 0.0020833333333346226), (3, 0.0020833333333343473), (4, 0.002083333333334735), (5, 0.9395833333333149), (6, 0.0020833333333339682), (7, 0.002083333333335588), (8, 0.0020833333333337093), (9, 0.0020833333333333329), (10, 0.002083333333333561), (11, 0.0020833333333333329), (12, 0.0020833333333340007), (13, 0.0020833333333342397), (14, 0.0020833333333336273), (15, 0.0020833333333337392), (16, 0.0020833333333342822), (17, 0.0020833333333352745), (18, 0.0020833333333336122), (19, 0.0020833333333335987), (20, 0.0020833333333344817), (21, 0.0020833333333355078), (22, 0.0020833333333333329), (23, 0.0020833333333333329), (24, 0.0020833333333338945), (25, 0.0020833333333342354), (26, 0.0020833333333333329), (27, 0.0020833333333335783), (28, 0.0020833333333336772), (29, 0.002083333333333558)]
[(0, 0.0027777777777783456), (1, 0.0027777777777777775), (2, 0.0027777777777799064), (3, 0.0027777777777803639), (4, 0.0027777777777800682), (5, 0.0027777777777781704), (6, 0.0027777777777788257), (7, 0.002777777777778045), (8, 0.0027777777777783989), (9, 0.0027777777777852892), (10, 0.0027777777777785308), (11, 0.0027777777777777775), (12, 0.002777777777778323), (13, 0.0027777777777792736), (14, 0.0027777777777782636), (15, 0.0027777777777789579), (16, 0.0027777777777782085), (17, 0.0027777777777809819), (18, 0.0027777777777782389), (19, 0.91944444444441187), (20, 0.0027777777777799944), (21, 0.0027777777777799272), (22, 0.0027777777777777775), (23, 0.0027777777777777775), (24, 0.0027777777777787042), (25, 0.0027777777777777775), (26, 0.0027777777777777775), (27, 0.0027777777777781825), (28, 0.0027777777777782389), (29, 0.0027777777777781487)]
[(0, 0.0020833333333333337), (1, 0.0020833333333333337), (2, 0.0020833333333337804), (3, 0.0020833333333333337), (4, 0.002083333333333456), (5, 0.0020833333333333337), (6, 0.0020833333333336234), (7, 0.0020833333333333337), (8, 0.0020833333333336772), (9, 0.002083333333333662), (10, 0.0020833333333335419), (11, 0.0020833333333333337), (12, 0.0020833333333336351), (13, 0.0020833333333333337), (14, 0.0020833333333333337), (15, 0.0020833333333337045), (16, 0.93958333333332889), (17, 0.0020833333333333337), (18, 0.0020833333333333337), (19, 0.0020833333333333337), (20, 0.0020833333333333337), (21, 0.0020833333333335575), (22, 0.0020833333333339977), (23, 0.0020833333333333337), (24, 0.0020833333333333337), (25, 0.0020833333333333337), (26, 0.0020833333333333337), (27, 0.0020833333333333337), (28, 0.0020833333333340042), (29, 0.0020833333333338741)]
[(0, 0.006666666666666668), (1, 0.006666666666666668), (2, 0.006666666666666668), (3, 0.006666666666666668), (4, 0.006666666666666668), (5, 0.0066666666666708105), (6, 0.006666666666666668), (7, 0.0066666666666728306), (8, 0.006666666666666668), (9, 0.006666666666666668), (10, 0.0066666666666686525), (11, 0.006666666666666668), (12, 0.0066666666666724116), (13, 0.006666666666666668), (14, 0.006666666666666668), (15, 0.006666666666666668), (16, 0.006666666666666668), (17, 0.006666666666666668), (18, 0.006666666666666668), (19, 0.006666666666666668), (20, 0.006666666666666668), (21, 0.0066666666666688025), (22, 0.80666666666663289), (23, 0.006666666666666668), (24, 0.006666666666666668), (25, 0.006666666666666668), (26, 0.0066666666666758854), (27, 0.0066666666666688025), (28, 0.0066666666666690948), (29, 0.006666666666666668)]
[(0, 0.0023809523809523807), (1, 0.0023809523809527888), (2, 0.0023809523809523807), (3, 0.0023809523809523807), (4, 0.0023809523809525529), (5, 0.0023809523809523807), (6, 0.0023809523809523807), (7, 0.0023809523809529298), (8, 0.0023809523809523807), (9, 0.0023809523809523807), (10, 0.0023809523809531531), (11, 0.0023809523809529146), (12, 0.0023809523809523807), (13, 0.0023809523809523807), (14, 0.0023809523809523807), (15, 0.0023809523809529033), (16, 0.0023809523809523807), (17, 0.0023809523809523807), (18, 0.0023809523809523807), (19, 0.0023809523809523807), (20, 0.0023809523809523807), (21, 0.0023809523809523807), (22, 0.0023809523809523807), (23, 0.0023809523809528539), (24, 0.0023809523809531028), (25, 0.0023809523809528539), (26, 0.0023809523809526917), (27, 0.93095238095237598), (28, 0.0023809523809523807), (29, 0.0023809523809523807)]
[(0, 0.0055555555555555584), (1, 0.0055555555555555584), (2, 0.0055555555555555584), (3, 0.0055555555555555584), (4, 0.83888888888884061), (5, 0.0055555555555555584), (6, 0.0055555555555555584), (7, 0.0055555555555564934), (8, 0.0055555555555634401), (9, 0.0055555555555576322), (10, 0.0055555555555555584), (11, 0.0055555555555555584), (12, 0.0055555555555574631), (13, 0.0055555555555555584), (14, 0.005555555555560027), (15, 0.0055555555555756534), (16, 0.0055555555555555584), (17, 0.0055555555555555584), (18, 0.0055555555555571682), (19, 0.0055555555555570901), (20, 0.0055555555555555584), (21, 0.0055555555555555584), (22, 0.0055555555555555584), (23, 0.0055555555555576799), (24, 0.0055555555555567883), (25, 0.0055555555555555584), (26, 0.0055555555555569531), (27, 0.0055555555555555584), (28, 0.0055555555555555584), (29, 0.005555555555558974)]
[(0, 0.0023809523809523812), (1, 0.0023809523809523812), (2, 0.0023809523809540404), (3, 0.0023809523809536861), (4, 0.0023809523809539945), (5, 0.002380952380953301), (6, 0.0023809523809527901), (7, 0.0023809523809527984), (8, 0.0023809523809528656), (9, 0.0023809523809528443), (10, 0.0023809523809526752), (11, 0.0023809523809523812), (12, 0.002380952380952807), (13, 0.0023809523809545348), (14, 0.0023809523809527602), (15, 0.0023809523809529042), (16, 0.0023809523809527173), (17, 0.0023809523809548787), (18, 0.0023809523809527407), (19, 0.0023809523809527229), (20, 0.0023809523809537833), (21, 0.0023809523809537408), (22, 0.0023809523809523812), (23, 0.0023809523809523812), (24, 0.0023809523809533778), (25, 0.0023809523809523812), (26, 0.0023809523809523812), (27, 0.93095238095236199), (28, 0.0023809523809527407), (29, 0.0023809523809526709)]
[(0, 0.0025641025641025641), (1, 0.0025641025641025641), (2, 0.0025641025641025641), (3, 0.0025641025641025641), (4, 0.0025641025641034085), (5, 0.0025641025641025641), (6, 0.0025641025641025641), (7, 0.0025641025641029522), (8, 0.0025641025641025641), (9, 0.0025641025641025641), (10, 0.0025641025641031101), (11, 0.0025641025641029414), (12, 0.0025641025641033551), (13, 0.0025641025641025641), (14, 0.0025641025641025641), (15, 0.92564102564102013), (16, 0.0025641025641025641), (17, 0.0025641025641025641), (18, 0.0025641025641032324), (19, 0.0025641025641025641), (20, 0.0025641025641025641), (21, 0.0025641025641025641), (22, 0.0025641025641025641), (23, 0.0025641025641028989), (24, 0.0025641025641030745), (25, 0.0025641025641028989), (26, 0.002564102564102784), (27, 0.002564102564102787), (28, 0.0025641025641025641), (29, 0.0025641025641025641)]
[(0, 0.0030303030303038274), (1, 0.0030303030303030303), (2, 0.0030303030303060158), (3, 0.0030303030303053782), (4, 0.0030303030303097432), (5, 0.0030303030303035815), (6, 0.0030303030303037658), (7, 0.0030303030303034054), (8, 0.0030303030303039016), (9, 0.0030303030303030303), (10, 0.91212121212117592), (11, 0.0030303030303030303), (12, 0.0030303030303037962), (13, 0.0030303030303051289), (14, 0.003030303030303712), (15, 0.0030303030303052698), (16, 0.0030303030303036353), (17, 0.0030303030303075237), (18, 0.0030303030303036769), (19, 0.0030303030303042598), (20, 0.0030303030303055522), (21, 0.0030303030303054758), (22, 0.0030303030303030303), (23, 0.0030303030303030303), (24, 0.0030303030303043296), (25, 0.0030303030303030303), (26, 0.0030303030303030303), (27, 0.0030303030303035984), (28, 0.0030303030303036769), (29, 0.0030303030303035512)]
[(0, 0.0023809523809523807), (1, 0.0023809523809523807), (2, 0.0023809523809531523), (3, 0.0023809523809529875), (4, 0.002380952380953131), (5, 0.0023809523810516446), (6, 0.0023809523809525707), (7, 0.0023809523809531102), (8, 0.0023809523809526058), (9, 0.0023809523809523807), (10, 0.0023809523809528109), (11, 0.0023809523809523807), (12, 0.0023809523809530039), (13, 0.0023809523809529233), (14, 0.0023809523809525568), (15, 0.0023809523809526236), (16, 0.0023809523809525369), (17, 0.0023809523809535417), (18, 0.0023809523809525481), (19, 0.0023809523809525395), (20, 0.0023809523809530326), (21, 0.93095238095227295), (22, 0.0023809523809528439), (23, 0.0023809523809523807), (24, 0.0023809523809527164), (25, 0.0023809523809523807), (26, 0.0023809523809523807), (27, 0.0023809523809525278), (28, 0.0023809523809525481), (29, 0.0023809523809525156)]
[(0, 0.0041666666666666675), (1, 0.0041666666666666675), (2, 0.0041666666666666675), (3, 0.0041666666666666675), (4, 0.0041666666666670717), (5, 0.0041666666666666675), (6, 0.0041666666666666675), (7, 0.0041666666666668531), (8, 0.0041666666666666675), (9, 0.0041666666666670795), (10, 0.0041666666666666675), (11, 0.0041666666666666675), (12, 0.0041666666666670465), (13, 0.0041666666666666675), (14, 0.0041666666666683658), (15, 0.87916666666665999), (16, 0.0041666666666666675), (17, 0.0041666666666666675), (18, 0.0041666666666669875), (19, 0.0041666666666669719), (20, 0.0041666666666666675), (21, 0.0041666666666666675), (22, 0.0041666666666666675), (23, 0.004166666666667089), (24, 0.0041666666666686711), (25, 0.0041666666666666675), (26, 0.0041666666666666675), (27, 0.0041666666666666675), (28, 0.0041666666666666675), (29, 0.0041666666666673466)]
[(0, 0.0033333333333333344), (1, 0.0033333333333333344), (2, 0.0033333333333333344), (3, 0.0033333333333333344), (4, 0.0033333333333333344), (5, 0.0033333333333339654), (6, 0.0033333333333333344), (7, 0.0033333333333333344), (8, 0.0033333333333333344), (9, 0.0033333333333333344), (10, 0.003333333333333939), (11, 0.0033333333333333344), (12, 0.0033333333333350943), (13, 0.0033333333333333344), (14, 0.0033333333333333344), (15, 0.0033333333333337434), (16, 0.0033333333333340261), (17, 0.0033333333333333344), (18, 0.0033333333333333344), (19, 0.0033333333333333344), (20, 0.0033333333333333344), (21, 0.90333333332772581), (22, 0.0033333333333342872), (23, 0.0033333333333333344), (24, 0.0033333333333333344), (25, 0.0033333333333333344), (26, 0.0033333333389352193), (27, 0.0033333333333339845), (28, 0.0033333333333333344), (29, 0.0033333333333333344)]
[(0, 0.0022222222222222218), (1, 0.93555555555555436), (2, 0.0022222222222222218), (3, 0.0022222222222222218), (4, 0.0022222222222225254), (5, 0.0022222222222224269), (6, 0.0022222222222222218), (7, 0.0022222222222222218), (8, 0.0022222222222222218), (9, 0.0022222222222222218), (10, 0.0022222222222224182), (11, 0.0022222222222222218), (12, 0.0022222222222222218), (13, 0.0022222222222222218), (14, 0.0022222222222222218), (15, 0.0022222222222222218), (16, 0.0022222222222222218), (17, 0.0022222222222222218), (18, 0.002222222222222462), (19, 0.0022222222222222218), (20, 0.0022222222222222218), (21, 0.0022222222222222218), (22, 0.0022222222222222218), (23, 0.0022222222222222218), (24, 0.0022222222222222218), (25, 0.0022222222222222218), (26, 0.0022222222222222218), (27, 0.0022222222222222218), (28, 0.0022222222222222218), (29, 0.0022222222222226104)]
[(0, 0.0020833333333333333), (1, 0.0020833333333333333), (2, 0.0020833333333336152), (3, 0.0020833333333339179), (4, 0.0020833333333336074), (5, 0.0020833333333336096), (6, 0.0020833333333334027), (7, 0.0020833333333335215), (8, 0.00208333333333377), (9, 0.0020833333333333333), (10, 0.0020833333333335983), (11, 0.0020833333333337241), (12, 0.0020833333333334057), (13, 0.0020833333333335315), (14, 0.002083333333333675), (15, 0.0020833333333334222), (16, 0.0020833333333333906), (17, 0.0020833333333343941), (18, 0.0020833333333336573), (19, 0.0020833333333336412), (20, 0.93958333333332766), (21, 0.0020833333333335645), (22, 0.0020833333333333333), (23, 0.0020833333333333333), (24, 0.002083333333333456), (25, 0.0020833333333333333), (26, 0.0020833333333333333), (27, 0.0020833333333333871), (28, 0.0020833333333333945), (29, 0.0020833333333333823)]
[(0, 0.0019607843137254893), (1, 0.0019607843137254893), (2, 0.0019607843137257751), (3, 0.0019607843137254893), (4, 0.0019607843137257734), (5, 0.0019607843137254893), (6, 0.0019607843137254893), (7, 0.0019607843137257729), (8, 0.0019607843137257087), (9, 0.94313725490195377), (10, 0.0019607843137256224), (11, 0.0019607843137254893), (12, 0.0019607843137256819), (13, 0.0019607843137254893), (14, 0.0019607843137259416), (15, 0.0019607843137265718), (16, 0.0019607843137259473), (17, 0.0019607843137254893), (18, 0.0019607843137256524), (19, 0.0019607843137259655), (20, 0.0019607843137256372), (21, 0.0019607843137256324), (22, 0.0019607843137256992), (23, 0.0019607843137259186), (24, 0.0019607843137258623), (25, 0.0019607843137254893), (26, 0.0019607843137254893), (27, 0.0019607843137256324), (28, 0.0019607843137258154), (29, 0.0019607843137261806)]
[(0, 0.0019607843137254884), (1, 0.0019607843137254884), (2, 0.0019607843137254884), (3, 0.0019607843137254884), (4, 0.943137254901948), (5, 0.0019607843137254884), (6, 0.0019607843137254884), (7, 0.0019607843137254884), (8, 0.0019607843137254884), (9, 0.0019607843137266151), (10, 0.0019607843137258462), (11, 0.0019607843137254884), (12, 0.0019607843137277418), (13, 0.0019607843137254884), (14, 0.0019607843137254884), (15, 0.0019607843137259143), (16, 0.0019607843137258974), (17, 0.0019607843137254884), (18, 0.0019607843137258206), (19, 0.0019607843137259043), (20, 0.0019607843137258848), (21, 0.0019607843137262574), (22, 0.0019607843137279127), (23, 0.0019607843137254884), (24, 0.0019607843137254884), (25, 0.0019607843137254884), (26, 0.0019607843137258675), (27, 0.0019607843137254884), (28, 0.0019607843137281053), (29, 0.0019607843137254884)]
[(0, 0.002380952380952382), (1, 0.002380952380952382), (2, 0.0023809523809529358), (3, 0.002380952380952382), (4, 0.0023809523809529146), (5, 0.0023809523809538969), (6, 0.0023809523809528799), (7, 0.002380952380952382), (8, 0.002380952380952382), (9, 0.0023809523809525859), (10, 0.0023809523809525113), (11, 0.002380952380952382), (12, 0.0023809523809525694), (13, 0.002380952380952382), (14, 0.002380952380952382), (15, 0.0023809523809525564), (16, 0.002380952380952938), (17, 0.002380952380952382), (18, 0.002380952380952382), (19, 0.002380952380952382), (20, 0.0023809523809526683), (21, 0.0023809523809525212), (22, 0.0023809523809567041), (23, 0.002380952380952382), (24, 0.002380952380952382), (25, 0.0023809523809527984), (26, 0.0023809523809527927), (27, 0.002380952380952382), (28, 0.93095238095237098), (29, 0.002380952380952382)]
[(0, 0.0023809523809523807), (1, 0.0023809523809523807), (2, 0.0023809523809527663), (3, 0.0023809523809526839), (4, 0.0023809523809527554), (5, 0.0023809523809524519), (6, 0.0023809523809524757), (7, 0.0023809523809526379), (8, 0.0023809523809524931), (9, 0.0023809523809523807), (10, 0.0023809523809524488), (11, 0.0023809523809523807), (12, 0.0023809523809524792), (13, 0.0023809523809526518), (14, 0.0023809523809524688), (15, 0.0023809523809525022), (16, 0.0023809523809524588), (17, 0.0023809523809529606), (18, 0.002380952380952464), (19, 0.0023809523809524601), (20, 0.0023809523809527064), (21, 0.93095238095237687), (22, 0.0023809523809523807), (23, 0.0023809523809523807), (24, 0.0023809523809525486), (25, 0.0023809523809523807), (26, 0.0023809523809523807), (27, 0.002380952380952454), (28, 0.002380952380952464), (29, 0.0023809523809527377)]
[(0, 0.0066666666666666662), (1, 0.0066666666666698069), (2, 0.0066666666666688511), (3, 0.0066666666666683264), (4, 0.0066666666666687774), (5, 0.0066666666666670513), (6, 0.0066666666666671788), (7, 0.0066666666666674295), (8, 0.0066666666666672734), (9, 0.0066666666666666662), (10, 0.006666666666667034), (11, 0.0066666666666666662), (12, 0.0066666666666671997), (13, 0.0066666666666681711), (14, 0.0066666666666671415), (15, 0.006666666666667322), (16, 0.0066666666666695615), (17, 0.80666666666664244), (18, 0.0066666666666671173), (19, 0.0066666666666670956), (20, 0.0066666666666684391), (21, 0.0066666666666684391), (22, 0.0066666666666666662), (23, 0.0066666666666666662), (24, 0.0066666666666675718), (25, 0.0066666666666666662), (26, 0.0066666666666666662), (27, 0.0066666666666670617), (28, 0.0066666666666671173), (29, 0.0066666666666670288)]
[(0, 0.0022222222222222231), (1, 0.0022222222222222231), (2, 0.0022222222222224044), (3, 0.0022222222222223658), (4, 0.0022222222222225098), (5, 0.0022222222222223545), (6, 0.0022222222222223983), (7, 0.0022222222222223124), (8, 0.0022222222222224304), (9, 0.0022222222222222231), (10, 0.0022222222222224425), (11, 0.0022222222222223935), (12, 0.0022222222222222699), (13, 0.002222222222222351), (14, 0.0022222222222222647), (15, 0.0022222222222223437), (16, 0.00222222222222226), (17, 0.93555555555555303), (18, 0.0022222222222222626), (19, 0.0022222222222222608), (20, 0.0022222222222224803), (21, 0.0022222222222223718), (22, 0.0022222222222222231), (23, 0.0022222222222222231), (24, 0.0022222222222223896), (25, 0.0022222222222222231), (26, 0.0022222222222222231), (27, 0.0022222222222223584), (28, 0.0022222222222222626), (29, 0.0022222222222222547)]
[(0, 0.0066666666666666697), (1, 0.0066666666666708391), (2, 0.0066666666666666697), (3, 0.0066666666666666697), (4, 0.0066666666666666697), (5, 0.8066666666666592), (6, 0.0066666666666666697), (7, 0.0066666666666666697), (8, 0.0066666666666666697), (9, 0.0066666666666666697), (10, 0.0066666666666666697), (11, 0.0066666666666666697), (12, 0.0066666666666666697), (13, 0.0066666666666666697), (14, 0.0066666666666666697), (15, 0.0066666666666666697), (16, 0.0066666666666666697), (17, 0.0066666666666666697), (18, 0.0066666666666703369), (19, 0.0066666666666666697), (20, 0.0066666666666666697), (21, 0.0066666666666666697), (22, 0.0066666666666666697), (23, 0.0066666666666666697), (24, 0.0066666666666666697), (25, 0.0066666666666666697), (26, 0.0066666666666666697), (27, 0.0066666666666666697), (28, 0.0066666666666666697), (29, 0.0066666666666666697)]
[(0, 0.0047619047619047615), (1, 0.0047619047619047615), (2, 0.0047619047619082717), (3, 0.004761904761907478), (4, 0.86190476190474297), (5, 0.004761904761905033), (6, 0.0047619047619051232), (7, 0.0047619047619056028), (8, 0.0047619047619051908), (9, 0.0047619047619047615), (10, 0.0047619047619050208), (11, 0.0047619047619047615), (12, 0.0047619047619051379), (13, 0.0047619047619057954), (14, 0.0047619047619050971), (15, 0.0047619047619052238), (16, 0.004761904761905059), (17, 0.0047619047619069741), (18, 0.0047619047619062117), (19, 0.0047619047619050633), (20, 0.0047619047619060035), (21, 0.0047619047619059654), (22, 0.0047619047619047615), (23, 0.0047619047619047615), (24, 0.0047619047619054016), (25, 0.0047619047619047615), (26, 0.0047619047619047615), (27, 0.0047619047619050408), (28, 0.0047619047619050798), (29, 0.0047619047619050182)]
[(0, 0.002564102564102565), (1, 0.002564102564102565), (2, 0.0025641025641030108), (3, 0.002564102564102565), (4, 0.0025641025641027601), (5, 0.002564102564102565), (6, 0.002564102564102565), (7, 0.0025641025641026296), (8, 0.0025641025641030576), (9, 0.0025641025641030359), (10, 0.0025641025641027727), (11, 0.002564102564102565), (12, 0.0025641025641026977), (13, 0.002564102564102565), (14, 0.002564102564102875), (15, 0.92564102564100725), (16, 0.0025641025641028026), (17, 0.002564102564102565), (18, 0.0025641025641033478), (19, 0.0025641025641026712), (20, 0.002564102564102565), (21, 0.0025641025641130783), (22, 0.0025641025641037533), (23, 0.0025641025641027124), (24, 0.0025641025641031608), (25, 0.002564102564102565), (26, 0.0025641025641031444), (27, 0.0025641025641031526), (28, 0.002564102564102565), (29, 0.0025641025641039501)]
[(0, 0.0022222222222222218), (1, 0.0022222222222222218), (2, 0.0022222222222222218), (3, 0.0022222222222222218), (4, 0.0022222222222223215), (5, 0.0022222222222225757), (6, 0.0022222222222222218), (7, 0.0022222222222223423), (8, 0.0022222222222222218), (9, 0.0022222222222224889), (10, 0.0022222222222222218), (11, 0.0022222222222222218), (12, 0.0022222222222224672), (13, 0.0022222222222222218), (14, 0.0022222222222222218), (15, 0.0022222222222222218), (16, 0.0022222222222222218), (17, 0.0022222222222222218), (18, 0.0022222222222222218), (19, 0.0022222222222222218), (20, 0.0022222222222222218), (21, 0.0022222222222224044), (22, 0.0022222222222224889), (23, 0.002222222222222495), (24, 0.0022222222222223801), (25, 0.93555555555555292), (26, 0.0022222222222224013), (27, 0.0022222222222222218), (28, 0.0022222222222226364), (29, 0.0022222222222222218)]
[(0, 0.0030303030303030307), (1, 0.0030303030303030307), (2, 0.0030303030303030307), (3, 0.0030303030303030307), (4, 0.0030303030303030307), (5, 0.0030303030303037493), (6, 0.0030303030303030307), (7, 0.0030303030303033851), (8, 0.0030303030303030307), (9, 0.0030303030303030307), (10, 0.0030303030303032198), (11, 0.0030303030303030307), (12, 0.0030303030303033053), (13, 0.0030303030303045365), (14, 0.0030303030303036743), (15, 0.0030303030303030307), (16, 0.0030303030303030307), (17, 0.0030303030303030307), (18, 0.0030303030303030307), (19, 0.0030303030303030307), (20, 0.0030303030303035841), (21, 0.0030303030303032346), (22, 0.0030303030303033291), (23, 0.0030303030303030307), (24, 0.0030303030303034961), (25, 0.0030303030303030307), (26, 0.91212121212120634), (27, 0.0030303030303032346), (28, 0.0030303030303030307), (29, 0.0030303030303035221)]
[(0, 0.0066666666666666662), (1, 0.0066666666666687063), (2, 0.0066666666666687514), (3, 0.0066666666666683584), (4, 0.0066666666666689352), (5, 0.0066666666666670513), (6, 0.0066666666666671788), (7, 0.0066666666666674191), (8, 0.0066666666666672734), (9, 0.0066666666666666662), (10, 0.006666666666667034), (11, 0.0066666666666666662), (12, 0.0066666666666671997), (13, 0.0066666666666681338), (14, 0.0066666666666671415), (15, 0.006666666666667322), (16, 0.0066666666666690948), (17, 0.80666666666664388), (18, 0.0066666666666671164), (19, 0.0066666666666670938), (20, 0.0066666666666684417), (21, 0.0066666666666684304), (22, 0.0066666666666666662), (23, 0.0066666666666666662), (24, 0.0066666666666675718), (25, 0.0066666666666666662), (26, 0.0066666666666666662), (27, 0.0066666666666670617), (28, 0.0066666666666671173), (29, 0.0066666666666670288)]
[(0, 0.0030303030303030307), (1, 0.0030303030303030307), (2, 0.0030303030303030307), (3, 0.0030303030303030307), (4, 0.003030303030304095), (5, 0.0030303030303035516), (6, 0.0030303030303030307), (7, 0.0030303030303030307), (8, 0.0030303030303038534), (9, 0.0030303030303046033), (10, 0.0030303030303035299), (11, 0.0030303030303030307), (12, 0.0030303030303044753), (13, 0.0030303030303030307), (14, 0.0030303030303030307), (15, 0.0030303030303030307), (16, 0.0030303030303036015), (17, 0.0030303030303030307), (18, 0.0030303030303030307), (19, 0.0030303030303030307), (20, 0.0030303030303030307), (21, 0.0030303030303041037), (22, 0.0030303030303614523), (23, 0.0030303030303030307), (24, 0.0030303030303030307), (25, 0.0030303030303038343), (26, 0.91212121212113861), (27, 0.0030303030303030307), (28, 0.0030303030303098582), (29, 0.0030303030303030307)]
[(0, 0.0025641025641025637), (1, 0.0025641025641025637), (2, 0.0025641025641030013), (3, 0.002564102564102908), (4, 0.0025641025641029891), (5, 0.002564102564104566), (6, 0.0025641025641026717), (7, 0.0025641025641026187), (8, 0.0025641025641026912), (9, 0.0025641025641025637), (10, 0.0025641025641026413), (11, 0.0025641025641025637), (12, 0.002564102564102676), (13, 0.0025641025641028711), (14, 0.0025641025641026634), (15, 0.0025641025641027016), (16, 0.0025641025641026521), (17, 0.002564102564103222), (18, 0.0025641025641026586), (19, 0.0025641025641026539), (20, 0.92564102564101924), (21, 0.0025641025641029219), (22, 0.0025641025641025637), (23, 0.0025641025641025637), (24, 0.0025641025641027541), (25, 0.0025641025641025637), (26, 0.0025641025641025637), (27, 0.0025641025641026469), (28, 0.0025641025641030659), (29, 0.00256410256410264)]
[(0, 0.0022222222222222227), (1, 0.0022222222222222227), (2, 0.0022222222222222227), (3, 0.0022222222222229504), (4, 0.0022222222222223376), (5, 0.0022222222222224274), (6, 0.93555555555554326), (7, 0.0022222222222225891), (8, 0.0022222222222222227), (9, 0.0022222222222222227), (10, 0.0022222222222222227), (11, 0.0022222222222222227), (12, 0.0022222222222222227), (13, 0.0022222222222222227), (14, 0.0022222222222222227), (15, 0.0022222222222222227), (16, 0.0022222222222230397), (17, 0.0022222222222222227), (18, 0.0022222222222222227), (19, 0.0022222222222224508), (20, 0.0022222222222222227), (21, 0.0022222222222222227), (22, 0.0022222222222222227), (23, 0.0022222222222222227), (24, 0.0022222222222224057), (25, 0.0022222222222225388), (26, 0.0022222222222222227), (27, 0.0022222222222222227), (28, 0.0022222222222317259), (29, 0.0022222222222222227)]
[(0, 0.0020833333333333337), (1, 0.0020833333333338008), (2, 0.0020833333333333337), (3, 0.0020833333333333337), (4, 0.0020833333333333337), (5, 0.0020833333342238597), (6, 0.0020833333333333337), (7, 0.93958333333243571), (8, 0.0020833333333333337), (9, 0.0020833333333338628), (10, 0.0020833333333336694), (11, 0.0020833333333333337), (12, 0.0020833333333334465), (13, 0.0020833333333333337), (14, 0.0020833333333333337), (15, 0.0020833333333333337), (16, 0.002083333333333718), (17, 0.0020833333333365759), (18, 0.0020833333333333337), (19, 0.0020833333333333337), (20, 0.0020833333333333337), (21, 0.002083333333333695), (22, 0.002083333333333986), (23, 0.002083333333333875), (24, 0.0020833333333333337), (25, 0.0020833333333333337), (26, 0.0020833333333334166), (27, 0.0020833333333336946), (28, 0.0020833333333334291), (29, 0.0020833333333333337)]
[(0, 0.0023809523809523816), (1, 0.0023809523809523816), (2, 0.0023809523809523816), (3, 0.0023809523809523816), (4, 0.0023809523809523816), (5, 0.0023809523809528456), (6, 0.0023809523809523816), (7, 0.93095238095237343), (8, 0.0023809523809531145), (9, 0.0023809523809523816), (10, 0.0023809523809532706), (11, 0.0023809523809534966), (12, 0.0023809523809530247), (13, 0.0023809523809523816), (14, 0.0023809523809523816), (15, 0.0023809523809526826), (16, 0.0023809523809523816), (17, 0.0023809523809536792), (18, 0.0023809523809523816), (19, 0.0023809523809523816), (20, 0.0023809523809528747), (21, 0.00238095238095286), (22, 0.0023809523809523816), (23, 0.0023809523809526535), (24, 0.0023809523809527971), (25, 0.0023809523809526535), (26, 0.0023809523809525603), (27, 0.0023809523809525633), (28, 0.0023809523809523816), (29, 0.0023809523809523816)]
[(0, 0.0041666666666666666), (1, 0.0041666666666666666), (2, 0.0041666666666666666), (3, 0.0041666666666666666), (4, 0.0041666666666678237), (5, 0.0041666666666676953), (6, 0.0041666666666666666), (7, 0.0041666666666666666), (8, 0.0041666666666666666), (9, 0.0041666666666713235), (10, 0.0041666666666676519), (11, 0.0041666666666666666), (12, 0.0041666666666695185), (13, 0.0041666666666666666), (14, 0.0041666666666666666), (15, 0.0041666666666679997), (16, 0.0041666666666677942), (17, 0.0041666666666666666), (18, 0.0041666666666666666), (19, 0.0041666666666678124), (20, 0.0041666666666677595), (21, 0.87916666666662591), (22, 0.0041666666666769249), (23, 0.0041666666666666666), (24, 0.0041666666666666666), (25, 0.0041666666666682539), (26, 0.0041666666666697978), (27, 0.0041666666666677257), (28, 0.0041666666666750844), (29, 0.0041666666666676381)]
[(0, 0.0020833333333333342), (1, 0.0020833333333333342), (2, 0.0020833333333340909), (3, 0.0020833333333339292), (4, 0.0020833333361622601), (5, 0.0020833333333334738), (6, 0.0020833333333335207), (7, 0.0020833333333334291), (8, 0.0020833333333335549), (9, 0.0020833333333338897), (10, 0.0020833333333337358), (11, 0.0020833333333333342), (12, 0.002083333333333528), (13, 0.0020833333333338663), (14, 0.0020833333333335072), (15, 0.93958333333049593), (16, 0.0020833333333334877), (17, 0.002083333333334473), (18, 0.0020833333333334981), (19, 0.0020833333333339001), (20, 0.0020833333333343646), (21, 0.0020833333333343334), (22, 0.0020833333333333342), (23, 0.0020833333333333342), (24, 0.0020833333333336638), (25, 0.0020833333333333342), (26, 0.0020833333333333342), (27, 0.0020833333333334782), (28, 0.0020833333333334981), (29, 0.002083333333333466)]
[(0, 0.0019607843137254897), (1, 0.0019607843137254897), (2, 0.0019607843137256632), (3, 0.0019607843137254897), (4, 0.0019607843137256146), (5, 0.0019607843137254897), (6, 0.0019607843137254897), (7, 0.0019607843137256983), (8, 0.0019607843137256233), (9, 0.0019607843137257443), (10, 0.0019607843137255704), (11, 0.0019607843137254897), (12, 0.0019607843137256068), (13, 0.0019607843137254897), (14, 0.0019607843137260388), (15, 0.0019607843137261051), (16, 0.0019607843137255825), (17, 0.0019607843137254897), (18, 0.0019607843137255886), (19, 0.0019607843137255838), (20, 0.0019607843137254897), (21, 0.0019607843137257187), (22, 0.0019607843137256172), (23, 0.0019607843137256198), (24, 0.0019607843137259637), (25, 0.0019607843137254897), (26, 0.0019607843137254897), (27, 0.0019607843137254897), (28, 0.0019607843137254897), (29, 0.94313725490195732)]
[(0, 0.0015151515151515136), (1, 0.0015151515151516531), (2, 0.0015151515151515136), (3, 0.0015151515151515136), (4, 0.0015151515151518237), (5, 0.0015151515151516184), (6, 0.0015151515151515136), (7, 0.001515151515151585), (8, 0.0015151515151515136), (9, 0.0015151515151516717), (10, 0.001515151515151614), (11, 0.0015151515151515136), (12, 0.0015151515151516587), (13, 0.0015151515151515136), (14, 0.0015151515151519883), (15, 0.0015151515151519876), (16, 0.0015151515151515136), (17, 0.0015151515151515136), (18, 0.95606060606060284), (19, 0.0015151515151517472), (20, 0.0015151515151515136), (21, 0.0015151515151515136), (22, 0.0015151515151515136), (23, 0.0015151515151516752), (24, 0.0015151515151516073), (25, 0.0015151515151515136), (26, 0.0015151515151515136), (27, 0.0015151515151515136), (28, 0.0015151515151515136), (29, 0.0015151515151517738)]
[(0, 0.0022222222222222222), (1, 0.0022222222222222222), (2, 0.0022222222222222222), (3, 0.0022222222222222222), (4, 0.0022222222222225835), (5, 0.0022222222222222222), (6, 0.0022222222222222222), (7, 0.0022222222222224629), (8, 0.0022222222222222222), (9, 0.0022222222222227561), (10, 0.0022222222222222222), (11, 0.0022222222222222222), (12, 0.0022222222222224672), (13, 0.0022222222222222222), (14, 0.0022222222222227973), (15, 0.0022222222222233233), (16, 0.0022222222222224161), (17, 0.0022222222222222222), (18, 0.0022222222222224295), (19, 0.0022222222222224191), (20, 0.0022222222222222222), (21, 0.0022222222222222222), (22, 0.0022222222222222222), (23, 0.93555555555555026), (24, 0.0022222222222226967), (25, 0.002222222222222495), (26, 0.0022222222222222222), (27, 0.0022222222222222222), (28, 0.0022222222222226368), (29, 0.0022222222222228285)]
[(0, 0.0020833333333333337), (1, 0.0020833333333333337), (2, 0.0020833333333336872), (3, 0.0020833333333333337), (4, 0.0020833333333336239), (5, 0.0020833333333340211), (6, 0.0020833333333333337), (7, 0.0020833333333339539), (8, 0.0020833333333333337), (9, 0.0020833333333338529), (10, 0.0020833333333336629), (11, 0.0020833333333333337), (12, 0.93958333333332422), (13, 0.0020833333333333337), (14, 0.0020833333333333337), (15, 0.0020833333333334452), (16, 0.0020833333333337106), (17, 0.0020833333333333337), (18, 0.0020833333333333337), (19, 0.0020833333333333337), (20, 0.0020833333333333337), (21, 0.0020833333333342189), (22, 0.0020833333333352289), (23, 0.0020833333333333337), (24, 0.0020833333333333337), (25, 0.0020833333333335992), (26, 0.002083333333334316), (27, 0.0020833333333335107), (28, 0.0020833333333351439), (29, 0.0020833333333333337)]
[(0, 0.0033333333333333331), (1, 0.0033333333333333331), (2, 0.0033333333333333331), (3, 0.0033333333333333331), (4, 0.0033333333333333331), (5, 0.0033333333333333331), (6, 0.0033333333333333331), (7, 0.0033333333333337946), (8, 0.0033333333333333331), (9, 0.0033333333333333331), (10, 0.90333333333332766), (11, 0.0033333333333337815), (12, 0.0033333333333333331), (13, 0.0033333333333333331), (14, 0.0033333333333333331), (15, 0.0033333333333337724), (16, 0.0033333333333333331), (17, 0.0033333333333333331), (18, 0.0033333333333358346), (19, 0.0033333333333333331), (20, 0.0033333333333333331), (21, 0.0033333333333333331), (22, 0.0033333333333333331), (23, 0.0033333333333337308), (24, 0.0033333333333339398), (25, 0.0033333333333337308), (26, 0.0033333333333335951), (27, 0.0033333333333335985), (28, 0.0033333333333333331), (29, 0.0033333333333333331)]
[(0, 0.0019607843137259351), (1, 0.0019607843137254889), (2, 0.0019607843137278758), (3, 0.0019607843137273619), (4, 0.0019607843137280402), (5, 0.0019607843137262309), (6, 0.0019607843137264703), (7, 0.94313725490192479), (8, 0.0019607843137259763), (9, 0.0019607843137314685), (10, 0.0019607843137257846), (11, 0.0019607843137254889), (12, 0.001960784313726345), (13, 0.0019607843137271087), (14, 0.0019607843137272787), (15, 0.0019607843137274409), (16, 0.0019607843137261658), (17, 0.0019607843137280016), (18, 0.0019607843137265735), (19, 0.0019607843137273875), (20, 0.0019607843137268996), (21, 0.0019607843137268567), (22, 0.0019607843137254889), (23, 0.0019607843137259655), (24, 0.0019607843137267678), (25, 0.0019607843137261507), (26, 0.0019607843137254889), (27, 0.0019607843137258063), (28, 0.0019607843137258506), (29, 0.0019607843137268446)]
[(0, 0.0041666666666666675), (1, 0.0041666666666666675), (2, 0.0041666666666700354), (3, 0.0041666666666666675), (4, 0.0041666666666692461), (5, 0.0041666666666666675), (6, 0.0041666666666666675), (7, 0.004166666666667782), (8, 0.0041666666666670994), (9, 0.0041666666666666675), (10, 0.0041666666666682365), (11, 0.0041666666666677508), (12, 0.0041666666666666675), (13, 0.0041666666666666675), (14, 0.0041666666666666675), (15, 0.87916666665549426), (16, 0.0041666666666684638), (17, 0.0041666666666666675), (18, 0.0041666666666666675), (19, 0.0041666666666666675), (20, 0.0041666666666666675), (21, 0.0041666666666666675), (22, 0.0041666666666666675), (23, 0.0041666666666676285), (24, 0.0041666666666681333), (25, 0.0041666666666701569), (26, 0.004166666677818863), (27, 0.0041666666666673085), (28, 0.0041666666666685869), (29, 0.0041666666666666675)]
[(0, 0.0020833333333333329), (1, 0.0020833333333333329), (2, 0.0020833333333333329), (3, 0.0020833333333333329), (4, 0.0020833333333334101), (5, 0.0020833333333334699), (6, 0.0020833333333333329), (7, 0.0020833333333336711), (8, 0.0020833333333335493), (9, 0.0020833333333333329), (10, 0.0020833333333338091), (11, 0.93958333333332966), (12, 0.0020833333333333329), (13, 0.0020833333333335306), (14, 0.0020833333333333329), (15, 0.0020833333333335662), (16, 0.0020833333333333329), (17, 0.0020833333333337154), (18, 0.0020833333333336538), (19, 0.0020833333333333329), (20, 0.0020833333333334782), (21, 0.0020833333333333329), (22, 0.0020833333333333329), (23, 0.0020833333333335441), (24, 0.0020833333333337778), (25, 0.0020833333333335441), (26, 0.0020833333333334716), (27, 0.0020833333333334738), (28, 0.0020833333333333329), (29, 0.0020833333333334621)]
[(0, 0.0025641025641025645), (1, 0.0025641025641025645), (2, 0.0025641025641025645), (3, 0.0025641025641025645), (4, 0.0025641025641025945), (5, 0.0025641025641031955), (6, 0.0025641025641025645), (7, 0.0025641025641034883), (8, 0.0025641025641025645), (9, 0.0025641025641035967), (10, 0.0025641025641029171), (11, 0.0025641025641025645), (12, 0.0025641025641039501), (13, 0.0025641025641025645), (14, 0.0025641025641025645), (15, 0.0025641025641025645), (16, 0.0025641025641029679), (17, 0.0025641025641025645), (18, 0.0025641025641025645), (19, 0.0025641025641029162), (20, 0.0025641025641025645), (21, 0.002564102564102944), (22, 0.0025641025641509785), (23, 0.0025641025641035386), (24, 0.0025641025641028469), (25, 0.0025641025641035386), (26, 0.0025641025641035785), (27, 0.0025641025641025645), (28, 0.92564102564096828), (29, 0.0025641025641028625)]
[(0, 0.93555555555554748), (1, 0.0022222222222222231), (2, 0.0022222222222222231), (3, 0.0022222222222222231), (4, 0.0022222222222222231), (5, 0.0022222222222222231), (6, 0.002222222222223721), (7, 0.0022222222222223575), (8, 0.0022222222222222231), (9, 0.0022222222222222231), (10, 0.0022222222222222231), (11, 0.0022222222222222231), (12, 0.0022222222222222231), (13, 0.0022222222222255798), (14, 0.0022222222222222231), (15, 0.0022222222222222231), (16, 0.0022222222222222231), (17, 0.0022222222222222231), (18, 0.0022222222222222231), (19, 0.0022222222222222231), (20, 0.0022222222222222231), (21, 0.0022222222222222231), (22, 0.0022222222222222231), (23, 0.0022222222222222231), (24, 0.0022222222222222231), (25, 0.0022222222222222231), (26, 0.0022222222222222231), (27, 0.0022222222222253105), (28, 0.0022222222222222231), (29, 0.0022222222222224751)]
[(0, 0.0041666666666666675), (1, 0.0041666666666679546), (2, 0.0041666666666686546), (3, 0.0041666666666666675), (4, 0.0041666666666686416), (5, 0.0041666666666666675), (6, 0.0041666666666666675), (7, 0.0041666666666673249), (8, 0.0041666666666666675), (9, 0.0041666666666681264), (10, 0.004166666666667593), (11, 0.0041666666666666675), (12, 0.0041666666666680076), (13, 0.0041666666666666675), (14, 0.0041666666666666675), (15, 0.0041666666666672937), (16, 0.87916666666663335), (17, 0.0041666666666710841), (18, 0.0041666666666666675), (19, 0.0041666666666666675), (20, 0.0041666666666666675), (21, 0.0041666666666676632), (22, 0.0041666666666729446), (23, 0.0041666666666666675), (24, 0.0041666666666666675), (25, 0.0041666666666681593), (26, 0.0041666666666686286), (27, 0.0041666666666666675), (28, 0.0041666666666745795), (29, 0.0041666666666666675)]
[(0, 0.0023809523809527242), (1, 0.0023809523809526978), (2, 0.002380952380953664), (3, 0.0023809523809533903), (4, 0.0023809523809536284), (5, 0.0023809523809526188), (6, 0.93095238095236577), (7, 0.0023809523809527047), (8, 0.0023809523809527559), (9, 0.002380952380952382), (10, 0.0023809523809526088), (11, 0.002380952380952382), (12, 0.0023809523809530395), (13, 0.0023809523809536258), (14, 0.0023809523809526748), (15, 0.0023809523809527858), (16, 0.0023809523809526414), (17, 0.0023809523809549746), (18, 0.0023809523809526596), (19, 0.0023809523809529103), (20, 0.0023809523809534654), (21, 0.0023809523809534324), (22, 0.002380952380952382), (23, 0.002380952380952382), (24, 0.0023809523809531523), (25, 0.002380952380952382), (26, 0.002380952380952382), (27, 0.0023809523809526258), (28, 0.00238095238095266), (29, 0.0023809523809526054)]
[(0, 0.0037037037037037043), (1, 0.0037037037037037043), (2, 0.0037037037037037043), (3, 0.0037037037037037043), (4, 0.0037037037037037043), (5, 0.0037037037037037043), (6, 0.0037037037037037043), (7, 0.0037037037037037043), (8, 0.89259259259258983), (9, 0.0037037037037037043), (10, 0.0037037037037037043), (11, 0.0037037037037037043), (12, 0.0037037037037044216), (13, 0.0037037037037059473), (14, 0.0037037037037037043), (15, 0.0037037037037037043), (16, 0.0037037037037037043), (17, 0.0037037037037037043), (18, 0.0037037037037037043), (19, 0.0037037037037037043), (20, 0.0037037037037037043), (21, 0.0037037037037037043), (22, 0.0037037037037037043), (23, 0.0037037037037037043), (24, 0.0037037037037037043), (25, 0.0037037037037037043), (26, 0.0037037037037037043), (27, 0.0037037037037037043), (28, 0.0037037037037037043), (29, 0.0037037037037037043)]
[(0, 0.0033333333333333327), (1, 0.0033333333333333327), (2, 0.003333333333336329), (3, 0.0033333333333356893), (4, 0.0033333333333363641), (5, 0.0033333333333338865), (6, 0.0033333333333343514), (7, 0.0033333333333337095), (8, 0.003333333333334207), (9, 0.0033333333333341688), (10, 0.0033333333333338626), (11, 0.0033333333333333327), (12, 0.0033333333333348688), (13, 0.0033333333333354395), (14, 0.003333333333334017), (15, 0.0033333333333346359), (16, 0.0033333333333353857), (17, 0.0033333333333378421), (18, 0.0033333333333339815), (19, 0.0033333333333339494), (20, 0.0033333333333358641), (21, 0.0033333333333357877), (22, 0.0033333333333333327), (23, 0.0033333333333333327), (24, 0.0033333333333351325), (25, 0.0033333333333333327), (26, 0.0033333333333333327), (27, 0.003333333333333903), (28, 0.90333333333329946), (29, 0.0033333333333338553)]
[(0, 0.0055555555555555584), (1, 0.0055555555555555584), (2, 0.0055555555555555584), (3, 0.0055555555555555584), (4, 0.0055555555555563156), (5, 0.0055555555555569054), (6, 0.0055555555555555584), (7, 0.0055555555555555584), (8, 0.0055555555555555584), (9, 0.83888888888885105), (10, 0.005555555555556849), (11, 0.0055555555555555584), (12, 0.005555555555559295), (13, 0.0055555555555555584), (14, 0.0055555555555555584), (15, 0.0055555555555555584), (16, 0.0055555555555570346), (17, 0.0055555555555555584), (18, 0.0055555555555555584), (19, 0.0055555555555555584), (20, 0.0055555555555555584), (21, 0.0055555555555583339), (22, 0.0055555555555663457), (23, 0.0055555555555555584), (24, 0.0055555555555555584), (25, 0.0055555555555576374), (26, 0.0055555555555582932), (27, 0.0055555555555555584), (28, 0.0055555555555665851), (29, 0.0055555555555555584)]
[(0, 0.0037037037037037043), (1, 0.0037037037037037043), (2, 0.0037037037037047429), (3, 0.89259259259258195), (4, 0.0037037037037047143), (5, 0.0037037037037044012), (6, 0.0037037037037046332), (7, 0.0037037037037038348), (8, 0.0037037037037040074), (9, 0.0037037037037037043), (10, 0.0037037037037038877), (11, 0.0037037037037037043), (12, 0.0037037037037039706), (13, 0.0037037037037044346), (14, 0.0037037037037039419), (15, 0.0037037037037040321), (16, 0.003703703703703915), (17, 0.0037037037037052681), (18, 0.0037037037037039294), (19, 0.0037037037037039181), (20, 0.0037037037037045816), (21, 0.0037037037037045556), (22, 0.0037037037037037043), (23, 0.0037037037037037043), (24, 0.003703703703704157), (25, 0.0037037037037037043), (26, 0.0037037037037037043), (27, 0.0037037037037039016), (28, 0.0037037037037039294), (29, 0.0037037037037038856)]
